Estimate Ship Date Date,Estimate ECSD Date,SKU,SKU Description,Expected Shipment Quantity
8/3/25,12/22/25,C82003-01,San Pedro Woven Bench,30
12/21/25,1/4/26,D116002-01,Azibo Woven Headboard - Full/Queen,5
12/21/25,1/4/26,D116004-01,Dowa Coffee Table,6
12/21/25,1/4/26,D116002-02,Azibo Woven Wall Hanging,15
12/21/25,1/4/26,D116001-02,Maravi Wall Hanging - Large,30
12/21/25,1/4/26,D116001-01,Maravi Wall Hanging - Medium,46
12/21/25,1/4/26,D116001-03,Maravi Wall Hanging S/2 (M & L),50
12/21/25,1/4/26,B116001-02,Rivi Storage Basket - Large,55
12/21/25,1/4/26,B116001-01,Rivi Storage Basket - Medium,57
12/21/25,1/4/26,D116002-01,Azibo Woven Headboard - Full/Queen,61
11/13/25,12/4/25,B132002-01,Padma Square Storage Basket - Medium,22
11/13/25,12/4/25,B132002-04,Padma Square Storage Basket - Small,22
11/13/25,12/4/25,B132002-03,Padma Square Storage Basket - Oversized,22
11/13/25,12/4/25,B132002-02,Padma Square Storage Basket - Large,22
11/13/25,12/4/25,B132003-01,Padma Round Storage Basket - Small,44
11/13/25,12/4/25,B132003-04,Padma Round Storage Basket - Oversized,44
11/13/25,12/4/25,B132003-02,Padma Round Storage Basket - Medium,44
11/13/25,12/4/25,B132003-03,Padma Round Storage Basket - Large,44
11/13/25,12/4/25,B132001-03,Padma Rectangle Storage Basket - Oversized,67
11/13/25,12/4/25,B132001-01,Padma Rectangle Storage Basket - Medium,67
11/13/25,12/4/25,B132001-02,Padma Rectangle Storage Basket - Large,67
11/13/25,12/4/25,B132001-04,Padma Rectangle Storage Basket - Small,67
11/28/25,12/19/25,D143014-01,Yashani Marble Sculpture,36
11/28/25,12/19/25,D143014-02,Anima Marble Bookends - Set of 2,50
11/28/25,12/19/25,D143014-08,Hari Stone and Wood Sculpture,58
11/28/25,12/19/25,D143006-01,Eshana Palo Santo Holder - Sandstone,63
11/28/25,12/19/25,D143005-01,Eshana Candleholders - S/2 - Sandstone,66
12/7/25,12/25/25,R141013-03,Lata Hand-Knotted Area Rug - 9x12 - Camel,3
12/7/25,12/25/25,R141010-09,Shakha Hand-Knotted Area Rug - 9x12 - Natural,5
12/7/25,12/25/25,R141011-08,Lata Hand-Knotted Area Rug - 10x14 - Beige,5
12/7/25,12/25/25,R141010-10,Shakha Hand-Knotted Area Rug - 10x14 - Natural,5
12/7/25,12/25/25,R141011-05,Lata Hand-Knotted Area Rug - 6x9 - Beige,7
12/7/25,12/25/25,R171017-01,Lalli Hand-Knotted Runner - 2.5x8 - Mushroom,8
12/7/25,12/25/25,R141011-07,Lata Hand-Knotted Area Rug - 9x12 - Beige,9
12/7/25,12/25/25,R141010-03,Shakha Hand-Knotted Area Rug - 6x9 - Natural,10
12/7/25,12/25/25,R141013-01,Lata Hand-Knotted Area Rug - 6x9 - Camel,12
12/7/25,12/25/25,R141013-02,Lata Hand-Knotted Area Rug - 8x10 - Camel,13
12/7/25,12/25/25,R171017-08,Lalli Hand-Knotted Area Rug - 10x14 - Mushroom,14
12/7/25,12/25/25,R141025-05,Aayat Washable Rug - 6x9 - Ecru,14
12/7/25,12/25/25,R171017-02,Lalli Hand-Knotted Accent Rug - 2x3 - Mushroom,15
12/7/25,12/25/25,R141010-02,Shakha Hand-Knotted Runner - 2.5x8 - Natural,16
12/7/25,12/25/25,R141010-04,Shakha Hand-Knotted Area Rug - 8x10 - Natural,16
12/7/25,12/25/25,R141025-06,Aayat Washable Rug - 8x10 - Ecru,20
12/14/25,12/30/25,P120014-04-C,Daphne Lumbar Pillow - 12x20 - Aegean,11
12/14/25,12/30/25,P120014-01-C,Daphne Lumbar Pillow - 12x20 - Emerald,15
12/14/25,12/30/25,P120012-04-C,Daphne Pillow - 18x18 - Aegean,15
12/14/25,12/30/25,P120013-04-C,Daphne Pillow - 22x22 - Aegean,15
12/14/25,12/30/25,P120014-02-C,Daphne Lumbar Pillow - 12x20 - Aubergine,18
12/14/25,12/30/25,P120013-01-C,Daphne Pillow - 22x22 - Emerald,20
12/14/25,12/30/25,P120012-01-C,Daphne Pillow - 18x18 - Emerald,20
12/14/25,12/30/25,P120013-02-C,Daphne Pillow - 22x22 - Aubergine,24
12/14/25,12/30/25,P120012-02-C,Daphne Pillow - 18x18 - Aubergine,24
12/14/25,12/30/25,P120018-01-C,Bronwyn Pillow - 20x20 - Slate,25
12/14/25,12/30/25,P120008-04-C,Hana Pillow - 20x20 - Slate,25
12/14/25,12/30/25,P120008-03-C,Hana Pillow - 20x20 - Rose,27
12/14/25,12/30/25,P120019-01-C,Sylvia Lumbar Pillow - 12x20 - Brick,27
12/14/25,12/30/25,P120015-04-C,Daphne Lumbar Pillow - 12x48 - Aegean,31
12/14/25,12/30/25,P120001-06-C,Naveta Velvet Pillow - 18x18 - Emerald,37
12/14/25,12/30/25,P120002-06-C,Naveta Velvet Pillow - 22x22 - Emerald,37
12/14/25,12/30/25,P120015-01-C,Daphne Lumbar Pillow - 12x48 - Emerald,41
12/14/25,12/30/25,P120016-01-C,Calista Lumbar Pillow - 12x48 - Taupe,41
12/14/25,12/30/25,P120003-06-C,Naveta Velvet Lumbar Pillow - 12x20 - Emerald,42
12/14/25,12/30/25,D129008-01,Pattee Wall Hanging - Horizontal,45
12/14/25,12/30/25,D129007-01,Pattee Wall Hanging - Vertical,45
12/26/25,1/1/26,T139003-01,Rowan Mohair Throw - Grey,45
12/14/25,12/30/25,P120010-07-C,Naveta Velvet Lumbar Pillow - 12x48 - Emerald,50
12/14/25,12/30/25,P120015-02-C,Daphne Lumbar Pillow - 12x48 - Aubergine,51
12/14/25,12/30/25,B120006-01,Ayla Organic Cotton Quilt - Full/Queen - Aegean,54
12/14/25,12/30/25,B120009-01,Naya Organic Cotton Quilt - Full/Queen - Emerald,54
12/14/25,12/30/25,B120007-01,Ayla Organic Cotton Quilt - Full/Queen - Aubergine,54
12/14/25,12/30/25,B120008-01,Naya Organic Cotton Quilt - Full/Queen - Barley,54
12/14/25,12/30/25,P120016-02-C,Calista Lumbar Pillow - 12x48 - Aegean,62
12/14/25,12/30/25,B120009-02,Naya Organic Cotton Quilt - King/Cal King - Emerald,66
12/14/25,12/30/25,B120008-02,Naya Organic Cotton Quilt - King/Cal King - Barley,66
12/14/25,12/30/25,B120006-02,Ayla Organic Cotton Quilt - King/Cal King - Aegean,66
12/14/25,12/30/25,P120011-01-C,Jangal Pillow - 20x20 - Teak,66
12/14/25,12/30/25,B120007-02,Ayla Organic Cotton Quilt - King/Cal King - Aubergine,66
12/12/25,12/26/25,D104006-01,Hinoki Wood Mirror,81
12/14/25,12/30/25,D120005-01,Amala Jute Wall Hanging - Natural,90
12/26/25,1/1/26,T139005-01,Delaney Mohair Throw - Cocoa,100
12/12/25,12/26/25,S104001-02,Hinoki Wood Side Table - Round,100
12/12/25,12/26/25,D104002-01,Hinoki Wood Bath Runner,100
12/12/25,12/26/25,D104005-01,Hinoki Wood Bath Caddy,100
12/12/25,12/26/25,D104002-02,Hinoki Wood Bath Mat - Large,100
12/12/25,12/26/25,D104001-02,Hinoki Wood Floor Mirror - Standard,100
12/26/25,1/1/26,T139004-01,Rowan Mohair Throw - Sage,101
12/26/25,1/1/26,T139002-01,Rowan Mohair Throw - Sand,103
12/26/25,1/1/26,T139007-01,Mullins Mohair Throw - Sage,120
12/26/25,1/1/26,T139006-01,Rowan Mohair Throw - Currant,120
12/12/25,12/26/25,D104002-03,Hinoki Wood Bath Mat - Medium,125
12/14/25,12/30/25,P120011-02-C,Jangal Lumbar Pillow -12x48 - Teak,133
12/12/25,12/26/25,D104008-01,"Imabari Waffle Towel - Bath, Light Grey",300
12/12/25,12/26/25,D104011-01,"Imabari Waffle Towel - Bath, Olive",300
12/12/25,12/26/25,D104007-01,"Imabari Waffle Towel - Bath, White",300
12/12/25,12/26/25,D104010-01,"Imabari Waffle Towel - Bath, Natural",300
12/12/25,12/26/25,D104012-01,Imabari Waffle Towels - 1 Bath Towel - Seaglass,300
12/12/25,12/26/25,D104009-01,"Imabari Waffle Towel - Bath, Indigo",370
12/12/25,12/26/25,D104012-03,Imabari Waffle Towels - 1 Face Towel - Seaglass,500
12/12/25,12/26/25,D104012-02,Imabari Waffle Towels - 1 Hand Towel - Seaglass,500
12/12/25,12/26/25,D104008-03,"Imabari Waffle Towel - Face, Light Grey",500
12/12/25,12/26/25,D104010-02,"Imabari Waffle Towel - Hand, Natural",500
12/12/25,12/26/25,D104011-02,"Imabari Waffle Towel - Hand, Olive",500
12/12/25,12/26/25,D104009-02,"Imabari Waffle Towel - Hand, Indigo",500
12/10/25,12/20/25,D143012-03,Riya Tissue Box - Square - Marble,50
12/10/25,12/20/25,D143011-03,Riya Wastebasket - Marble,50
12/10/25,12/20/25,D143013-03,Riya Tissue Box - Long - Marble,50
12/10/25,12/20/25,D143010-03,Riya Soap Dish - Marble,52
12/10/25,12/20/25,D143007-03,Riya Soap Dispenser - Marble,52
12/10/25,12/20/25,D143009-03,Riya Canister - Marble,52
12/10/25,12/20/25,D143008-03,Riya Toothbrush Holder - Marble,72
11/19/25,12/10/25,T58029-01,La Brisa Alpaca Bed Blanket,30
11/19/25,12/10/25,T58026-02,Aurora Bed Blanket - Sand,35
11/19/25,12/10/25,T58053-02,Olmo Alpaca Bed Blanket - Charcoal,50
11/20/25,12/11/25,D121001-01,Organic Plush Towels - 1 Bath Sheet - White,250
11/20/25,12/11/25,D121001-03,Organic Plush Towels - 1 Bath Sheet - Natural,250
11/20/25,12/11/25,D121001-04,Organic Plush Towels - 1 Bath Sheet - Cloud,250
11/20/25,12/11/25,D121021-01,Organic Plush Towels - 1 Bath Sheet - Seaglass,250
11/20/25,12/11/25,D121009-04,Aegean Cotton Towels - 1 Bath Sheet - Tan,250
11/20/25,12/11/25,D121014-01,Organic Plush Towels - 1 Bath Sheet - Charcoal,250
11/20/25,12/11/25,D121003-04,Organic Plush Towels - 1 Hand Towel - Cloud,300
11/20/25,12/11/25,D121014-03,Organic Plush Towels - 1 Hand Towel - Charcoal,300
11/20/25,12/11/25,D121003-03,Organic Plush Towels - 1 Hand Towel - Natural,300
11/20/25,12/11/25,D121021-04,Organic Plush Towels - 1 Face Towel - Seaglass,300
11/20/25,12/11/25,D121004-01,Organic Plush Towels - 1 Face Towel - White,300
11/20/25,12/11/25,D121014-04,Organic Plush Towels - 1 Face Towel - Charcoal,300
11/20/25,12/11/25,D121014-02,Organic Plush Towels - 1 Bath Towel - Charcoal,300
11/20/25,12/11/25,D121004-03,Organic Plush Towels - 1 Face Towel - Natural,300
11/20/25,12/11/25,D121021-02,Organic Plush Towels - 1 Bath Towel - Seaglass,300
11/20/25,12/11/25,D121021-03,Organic Plush Towels - 1 Hand Towel - Seaglass,300
11/20/25,12/11/25,D121002-04,Organic Plush Towels - 1 Bath Towel - Cloud,300
11/20/25,12/11/25,D121002-03,Organic Plush Towels - 1 Bath Towel - Natural,300
11/20/25,12/11/25,D121002-01,Organic Plush Towels - 1 Bath Towel - White,300
11/20/25,12/11/25,D121003-01,Organic Plush Towels - 1 Hand Towel - White,300
11/20/25,12/11/25,D121009-01,Aegean Cotton Towels - 1 Face Towel - Tan,500
11/20/25,12/11/25,D121009-02,Aegean Cotton Towels - 1 Hand Towel - Tan,500
11/20/25,12/11/25,D121008-02,Aegean Cotton Towels - 1 Hand Towel - Light Grey,500
11/20/25,12/11/25,D121010-02,Aegean Cotton Towels - 1 Hand Towel - Black,500
11/20/25,12/11/25,D121010-03,Aegean Cotton Towels - 1 Bath Towel - Black,500
11/20/25,12/11/25,D121009-03,Aegean Cotton Towels - 1 Bath Towel - Tan,500
11/20/25,12/11/25,D121007-02,Aegean Cotton Towels - 1 Hand Towel - White,500
11/20/25,12/11/25,D121008-03,Aegean Cotton Towels - 1 Bath Towel - Light Grey,500
11/20/25,12/11/25,D121008-01,Aegean Cotton Towels - 1 Face Towel - Light Grey,500
11/13/25,12/4/25,F137001-01,Penida Wicker Bench,25
11/13/25,12/4/25,F137001-04,Liang Wicker Ottoman,25
11/13/25,12/4/25,F137001-05,Ora Wicker Coffee Table - Medium,30
11/13/25,12/4/25,F137001-07,Ora Wicker Side Table,30
11/13/25,12/4/25,F137001-03,Liang Wicker Lounge Chair,31
11/13/25,12/4/25,F137001-06,Ora Wicker Coffee Table - Large,32
12/30/25,1/10/26,F147002-01,Nayani Wood Coffee Table - Walnut,25
12/30/25,1/10/26,F147003-01,Prina Wood Coffee Table - Walnut,25
1/5/26,1/15/26,D110001-01,Shaila Wall Hanging,27
12/30/25,1/10/26,C11002-02,Sanjay Ottoman - Large - Solid,36
12/30/25,1/10/26,C11002-01,Sanjay Ottoman - Medium - Solid,36
1/5/26,1/15/26,D110002-01,Mirai Wall Hanging,39
12/30/25,1/10/26,C11001-01,Sanjay Ottoman - Medium - Striped,44
12/30/25,1/10/26,C11001-02,Sanjay Ottoman - Large - Striped,45
12/30/25,1/10/26,F147006-01,Leela Wood Side Table,50
12/30/25,1/10/26,F147008-01,Kimaya Ottoman,50
12/30/25,1/10/26,F147007-01,Leela Armchair,50
12/30/25,1/10/26,F147005-01,Leela Wood Coffee Table,50
11/21/25,12/5/25,D74002-02-K,San Cristobal Wall Hanging,25
11/21/25,12/5/25,D74004-02,Costanera Wall Hanging - Large,30
11/21/25,12/5/25,D74004-01,Costanera Wall Hanging - Small,30
1/11/26,1/17/26,B15224-02,Organic Stonewashed Percale Channel Quilt Euro Sham - 1 Sham - Warm Grey,4
1/11/26,1/17/26,B15220-02,Organic Stonewashed Percale Channel Quilt Quilt - Full/Queen - Warm Grey,4
1/11/26,1/17/26,B15221-02,Organic Stonewashed Percale Channel Quilt Quilt - King/Cal King - Warm Grey,4
1/11/26,1/17/26,B15218-03,Lianna Quilt - Sand - Twin,6
1/11/26,1/17/26,B15224-04,Organic Stonewashed Percale Channel Quilt Euro Sham - 1 Sham - Olive,7
1/11/26,1/17/26,B15216-03,Amelia Quilt - Aegean - Twin,8
1/11/26,1/17/26,B15224-05,Organic Stonewashed Percale Channel Quilt Euro Sham - 1 Sham - Aegean,13
1/11/26,1/17/26,B15218-02,Lianna Quilt - Sand - King/Cal King,14
1/11/26,1/17/26,B15219-02,Lianna Quilt - Aegean - King/Cal King,14
1/11/26,1/17/26,B15216-02,Amelia Quilt - Aegean - King/Cal King,14
1/11/26,1/17/26,B15219-03,Lianna Quilt - Aegean - Twin,16
1/11/26,1/17/26,B15222-02,Organic Stonewashed Percale Channel Quilt Shams - Standard Set (S/2) - Warm Grey,22
1/11/26,1/17/26,B15223-02,Organic Stonewashed Percale Channel Quilt Shams - King Set (S/2) - Warm Grey,22
1/11/26,1/17/26,B15222-04,Organic Stonewashed Percale Channel Quilt Shams - Standard Set (S/2) - Olive,33
1/11/26,1/17/26,B15223-04,Organic Stonewashed Percale Channel Quilt Shams - King Set (S/2) - Olive,36
1/11/26,1/17/26,B15218-01,Lianna Quilt - Sand - Full/Queen,36
1/11/26,1/17/26,B15216-01,Amelia Quilt - Aegean - Full/Queen,38
1/11/26,1/17/26,B15221-04,Organic Stonewashed Percale Channel Quilt Quilt - King/Cal King - Olive,40
1/11/26,1/17/26,B15220-04,Organic Stonewashed Percale Channel Quilt Quilt - Full/Queen - Olive,40
1/11/26,1/17/26,B15219-01,Lianna Quilt - Aegean - Full/Queen,40
1/11/26,1/17/26,B15221-05,Organic Stonewashed Percale Channel Quilt Quilt - King/Cal King - Aegean,44
1/11/26,1/17/26,B15220-05,Organic Stonewashed Percale Channel Quilt Quilt - Full/Queen - Aegean,46
1/11/26,1/17/26,B15222-05,Organic Stonewashed Percale Channel Quilt Shams - Standard Set (S/2) - Aegean,48
1/11/26,1/17/26,B15223-05,Organic Stonewashed Percale Channel Quilt Shams - King Set (S/2) - Aegean,50
1/14/26,1/25/26,B15210-03,Stonewashed Organic Cotton Percale Duvet - King/Cal-King - Blush,3
1/14/26,1/25/26,B15209-06,Stonewashed Organic Cotton Percale Duvet - Full/Queen - Seaglass,9
1/14/26,1/25/26,B15215-02,Stonewashed Organic Cotton Percale Sheet Set - Cal King - Warm Grey,12
1/14/26,1/25/26,B15202-02,Stonewashed Organic Cotton Percale Sheet Set - Full - Warm Grey,12
1/14/26,1/25/26,B15203-08,Stonewashed Organic Cotton Percale Fitted Sheet - Queen - French Blue,12
1/14/26,1/25/26,B15202-03,Stonewashed Organic Cotton Percale Sheet Set - Full - Blush,13
1/14/26,1/25/26,B15209-01,Stonewashed Organic Cotton Percale Duvet - Full/Queen - White,15
1/14/26,1/25/26,B15202-01,Stonewashed Organic Cotton Percale Sheet Set - Full - White,16
1/14/26,1/25/26,B15211-03,Stonewashed Organic Cotton Percale Shams - Standard Set (S/2) - Blush,16
1/14/26,1/25/26,B15210-01,Stonewashed Organic Cotton Percale Duvet - King/Cal-King - White,18
1/14/26,1/25/26,B15210-04,Stonewashed Organic Cotton Percale Duvet - King/Cal-King - Olive,18
1/14/26,1/25/26,B15208-01,Stonewashed Organic Cotton Percale Pillowcases - King Set (S/2) - White,18
1/14/26,1/25/26,B15202-08,Stonewashed Organic Cotton Percale Sheet Set - Full - French Blue,18
1/14/26,1/25/26,B15209-03,Stonewashed Organic Cotton Percale Duvet - Full/Queen - Blush,19
1/14/26,1/25/26,B15202-07,Stonewashed Organic Cotton Percale Sheet Set - Full - Ivory,22
1/14/26,1/25/26,B15210-07,Stonewashed Organic Cotton Percale Duvet - King/Cal-King - Ivory,22
1/14/26,1/25/26,B15209-07,Stonewashed Organic Cotton Percale Duvet - Full/Queen - Ivory,22
1/14/26,1/25/26,B15209-02,Stonewashed Organic Cotton Percale Duvet - Full/Queen - Warm Grey,23
1/14/26,1/25/26,B15207-06,Stonewashed Organic Cotton Percale Pillowcases - Standard Set (S/2) - Seaglass,23
1/14/26,1/25/26,B15210-08,Stonewashed Organic Cotton Percale Duvet - King/Cal-King - French Blue,23
1/14/26,1/25/26,B15209-08,Stonewashed Organic Cotton Percale Duvet - Full/Queen - French Blue,25
1/14/26,1/25/26,B15215-01,Stonewashed Organic Cotton Percale Sheet Set - Cal King - White,27
1/14/26,1/25/26,B15207-05,Stonewashed Organic Cotton Percale Pillowcases - Standard Set (S/2) - Aegean,27
1/14/26,1/25/26,B15212-07,Stonewashed Organic Cotton Percale Shams - King Set (S/2) - Ivory,30
1/14/26,1/25/26,B15210-05,Stonewashed Organic Cotton Percale Duvet - King/Cal-King - Aegean,33
1/14/26,1/25/26,B15210-02,Stonewashed Organic Cotton Percale Duvet - King/Cal-King - Warm Grey,33
1/14/26,1/25/26,B15206-03,Stonewashed Organic Cotton Percale Sheet Set - King - Blush,37
1/14/26,1/25/26,B15207-02,Stonewashed Organic Cotton Percale Pillowcases - Standard Set (S/2) - Warm Grey,40
1/14/26,1/25/26,B15215-08,Stonewashed Organic Cotton Percale Sheet Set - Cal King - French Blue,41
1/14/26,1/25/26,B15207-08,Stonewashed Organic Cotton Percale Pillowcases - Standard Set (S/2) - French Blue,41
1/14/26,1/25/26,B15208-08,Stonewashed Organic Cotton Percale Pillowcases - King Set (S/2) - French Blue,41
1/14/26,1/25/26,B15204-03,Stonewashed Organic Cotton Percale Sheet Set - Queen - Blush,47
1/14/26,1/25/26,B15204-08,Stonewashed Organic Cotton Percale Sheet Set - Queen - French Blue,48
1/14/26,1/25/26,B15206-08,Stonewashed Organic Cotton Percale Sheet Set - King - French Blue,48
1/14/26,1/25/26,B15207-01,Stonewashed Organic Cotton Percale Pillowcases - Standard Set (S/2) - White,52
1/14/26,1/25/26,B15204-04,Stonewashed Organic Cotton Percale Sheet Set - Queen - Olive,53
1/14/26,1/25/26,B15206-04,Stonewashed Organic Cotton Percale Sheet Set - King - Olive,61
1/14/26,1/25/26,B15215-07,Stonewashed Organic Cotton Percale Sheet Set - Cal King - Ivory,64
1/14/26,1/25/26,B15204-01,Stonewashed Organic Cotton Percale Sheet Set - Queen - White,68
1/14/26,1/25/26,B15204-05,Stonewashed Organic Cotton Percale Sheet Set - Queen - Aegean,72
1/14/26,1/25/26,B15206-06,Stonewashed Organic Cotton Percale Sheet Set - King - Seaglass,72
1/14/26,1/25/26,B15206-02,Stonewashed Organic Cotton Percale Sheet Set - King - Warm Grey,79
1/14/26,1/25/26,B15206-07,Stonewashed Organic Cotton Percale Sheet Set - King - Ivory,82
1/14/26,1/25/26,B15204-07,Stonewashed Organic Cotton Percale Sheet Set - Queen - Ivory,82
1/14/26,1/25/26,B15204-06,Stonewashed Organic Cotton Percale Sheet Set - Queen - Seaglass,83
1/14/26,1/25/26,B15204-02,Stonewashed Organic Cotton Percale Sheet Set - Queen - Warm Grey,103
1/14/26,1/25/26,B15206-05,Stonewashed Organic Cotton Percale Sheet Set - King - Aegean,120
1/14/26,1/25/26,B15206-01,Stonewashed Organic Cotton Percale Sheet Set - King - White,125
11/25/25,12/2/25,B86019-04,Stonewashed Linen Fitted Sheet - King - Slate Blue,5
11/25/25,12/2/25,B86003-09,Stonewashed Linen Sheet Set - King - Sienna,5
11/25/25,12/2/25,B86010-33,Stonewashed Linen Shams - King Set (S/2) - Emerald,5
11/25/25,12/2/25,B86018-02,Stonewashed Linen Fitted Sheet - Queen - Light Grey,5
11/25/25,12/2/25,B86017-05,Stonewashed Linen Fitted Sheet - Full - Graphite Thin Stripe,5
11/25/25,12/2/25,B86016-32,Stonewashed Linen Sheet Set - Cal-King - Barley Stripe,5
11/25/25,12/2/25,B86020-05,Stonewashed Linen Fitted Sheet - Cal-King - Graphite Thin Stripe,5
11/25/25,12/2/25,B86014-32,Stonewashed Linen Quilt - Full/Queen - Barley Stripe,5
11/25/25,12/2/25,B86002-31,Stonewashed Linen Sheet Set - Queen - Barley,5
11/25/25,12/2/25,B86016-29,Stonewashed Linen Sheet Set - Cal-King - Seaglass,5
11/25/25,12/2/25,B86002-32,Stonewashed Linen Sheet Set - Queen - Barley Stripe,5
11/25/25,12/2/25,B86017-01,Stonewashed Linen Fitted Sheet - Full - White,5
11/25/25,12/2/25,B86019-27,Stonewashed Linen Fitted Sheet - King - Ivory,5
11/25/25,12/2/25,B86008-33,Stonewashed Linen Duvet - King/Cal-King - Emerald,5
11/25/25,12/2/25,B86001-31,Stonewashed Linen Sheet Set - Full - Barley,5
11/25/25,12/2/25,B86011-02,Stonewashed Linen Euro Shams - 1 Sham - Light Grey,5
11/25/25,12/2/25,B86018-31,Stonewashed Linen Fitted Sheet - Queen - Barley,5
11/25/25,12/2/25,B86019-31,Stonewashed Linen Fitted Sheet - King - Barley,5
11/25/25,12/2/25,B86016-30,Stonewashed Linen Sheet Set - Cal-King - Espresso,5
11/25/25,12/2/25,B86014-31,Stonewashed Linen Quilt - Full/Queen - Barley,5
11/25/25,12/2/25,B86020-27,Stonewashed Linen Fitted Sheet - Cal-King - Ivory,5
11/25/25,12/2/25,B86019-06,Stonewashed Linen Fitted Sheet - King - Charcoal,5
11/25/25,12/2/25,B86019-19,Stonewashed Linen Fitted Sheet - King - Rose,5
11/25/25,12/2/25,B86012-31,Stonewashed Linen Pillowcases - Standard Set (S/2) - Barley,5
11/25/25,12/2/25,B86009-02,Stonewashed Linen Shams - Standard Set (S/2) - Light Grey,5
11/25/25,12/2/25,B86020-01,Stonewashed Linen Fitted Sheet - Cal-King - White,5
11/25/25,12/2/25,B86021-32,Stonewashed Linen Pillowcases with ties - Standard Set (S/2) - Barley Stripe,6
11/25/25,12/2/25,B86018-26,Stonewashed Linen Fitted Sheet - Queen - Aegean,6
11/25/25,12/2/25,B86001-29,Stonewashed Linen Sheet Set - Full - Seaglass,6
11/25/25,12/2/25,B86001-27,Stonewashed Linen Sheet Set - Full - Ivory,6
11/25/25,12/2/25,B86019-02,Stonewashed Linen Fitted Sheet - King - Light Grey,6
11/25/25,12/2/25,B86018-19,Stonewashed Linen Fitted Sheet - Queen - Rose,6
11/25/25,12/2/25,B86007-02,Stonewashed Linen Duvet - Full/Queen - LIght Grey,6
11/25/25,12/2/25,B86018-29,Stonewashed Linen Fitted Sheet - Queen - Seaglass,6
11/25/25,12/2/25,B86018-07,Stonewashed Linen Fitted Sheet - Queen - Olive,6
11/25/25,12/2/25,B86018-06,Stonewashed Linen Fitted Sheet - Queen - Charcoal,6
11/25/25,12/2/25,B86018-01,Stonewashed Linen Fitted Sheet - Queen - White,7
11/25/25,12/2/25,B86018-27,Stonewashed Linen Fitted Sheet - Queen - Ivory,7
11/25/25,12/2/25,B86012-33,Stonewashed Linen Pillowcases - Standard Set (S/2) - Emerald,7
11/25/25,12/2/25,B86011-04,Stonewashed Linen Euro Shams - 1 Sham - Slate Blue,7
11/25/25,12/2/25,B86019-09,Stonewashed Linen Fitted Sheet - King - Sienna,7
11/25/25,12/2/25,B86010-06,Stonewashed Linen Shams - King Set (S/2) - Charcoal,7
11/25/25,12/2/25,B86009-01,Stonewashed Linen Shams - Standard Set (S/2) - White,8
11/25/25,12/2/25,B86019-08,Stonewashed Linen Fitted Sheet - King - Sand Thin Stripe,8
11/25/25,12/2/25,B86012-02,Stonewashed Linen Pillowcases - Standard Set (S/2) - Light Grey,8
11/25/25,12/2/25,B86015-02,Stonewashed Linen Quilt - King/Cal-King - Light Grey,8
11/25/25,12/2/25,B86003-05,Stonewashed Linen Sheet Set - King - Graphite Thin Stripe,8
11/25/25,12/2/25,B86019-30,Stonewashed Linen Fitted Sheet - King - Espresso,8
11/25/25,12/2/25,B86008-31,Stonewashed Linen Duvet - King/Cal-King - Barley,8
11/25/25,12/2/25,B86001-26,Stonewashed Linen Sheet Set - Full - Aegean,8
11/25/25,12/2/25,B86018-30,Stonewashed Linen Fitted Sheet - Queen - Espresso,8
11/25/25,12/2/25,B86007-31,Stonewashed Linen Duvet - Full/Queen - Barley,9
11/25/25,12/2/25,B86015-31,Stonewashed Linen Quilt - King/Cal-King - Barley,9
11/25/25,12/2/25,B86010-31,Stonewashed Linen Shams - King Set (S/2) - Barley,9
11/25/25,12/2/25,B86019-26,Stonewashed Linen Fitted Sheet - King - Aegean,9
11/25/25,12/2/25,B86018-04,Stonewashed Linen Fitted Sheet - Queen - Slate Blue,9
11/25/25,12/2/25,B86011-31,Stonewashed Linen Euro Shams - 1 Sham - Barley,9
11/25/25,12/2/25,B86013-06,Stonewashed Linen Pillowcases - King Set (S/2) - Charcoal,9
11/25/25,12/2/25,B86019-10,Stonewashed Linen Fitted Sheet - King - Indigo Chambray,9
11/25/25,12/2/25,B86010-02,Stonewashed Linen Shams - King Set (S/2) - Light Grey,10
11/25/25,12/2/25,B86007-06,Stonewashed Linen Duvet - Full/Queen - Charcoal,10
11/25/25,12/2/25,B86019-01,Stonewashed Linen Fitted Sheet - King - White,10
11/25/25,12/2/25,B86016-27,Stonewashed Linen Sheet Set - Cal-King - Ivory,10
11/25/25,12/2/25,B86014-01,Stonewashed Linen Quilt - Full/Queen - White,11
11/25/25,12/2/25,B86018-09,Stonewashed Linen Fitted Sheet - Queen - Sienna,11
11/25/25,12/2/25,B86018-16,Stonewashed Linen Fitted Sheet - Queen - Solid Sand,11
11/25/25,12/2/25,B86013-10,Stonewashed Linen Pillowcases - King Set (S/2) - Indigo Chambray,11
11/25/25,12/2/25,B86010-19,Stonewashed Linen Shams - King Set (S/2) - Rose,11
11/25/25,12/2/25,B86022-32,Stonewashed Linen Pillowcases with ties - King Set (S/2) - Barley Stripe,12
11/25/25,12/2/25,B86009-16,Stonewashed Linen Shams - Standard Set (S/2) - Solid Sand,13
11/25/25,12/2/25,B86011-29,Stonewashed Linen Euro Shams - 1 Sham - Seaglass,13
11/25/25,12/2/25,B86015-27,Stonewashed Linen Quilt - King/Cal-King - Ivory,13
11/25/25,12/2/25,B86011-09,Stonewashed Linen Euro Shams - 1 Sham - Sienna,13
11/25/25,12/2/25,B86013-04,Stonewashed Linen Pillowcases - King Set (S/2) - Slate Blue,14
11/25/25,12/2/25,B86011-16,Stonewashed Linen Euro Shams - 1 Sham - Solid Sand,14
11/25/25,12/2/25,B86013-19,Stonewashed Linen Pillowcases - King Set (S/2) - Rose,14
11/25/25,12/2/25,B86010-09,Stonewashed Linen Shams - King Set (S/2) - Sienna,15
11/25/25,12/2/25,B86009-08,Stonewashed Linen Shams - Standard Set (S/2) - Sand Thin Stripe,15
11/25/25,12/2/25,B86010-27,Stonewashed Linen Shams - King Set (S/2) - Ivory,15
11/25/25,12/2/25,B86018-10,Stonewashed Linen Fitted Sheet - Queen - Indigo Chambray,15
11/25/25,12/2/25,B86007-19,Stonewashed Linen Duvet - Full/Queen - Rose,15
11/25/25,12/2/25,B86015-01,Stonewashed Linen Quilt - King/Cal-King - White,15
11/25/25,12/2/25,B86007-04,Stonewashed Linen Duvet - Full/Queen - Slate Blue,15
11/25/25,12/2/25,B86010-10,Stonewashed Linen Shams - King Set (S/2) - Indigo Chambray,16
11/25/25,12/2/25,B86009-07,Stonewashed Linen Shams - Standard Set (S/2) - Olive,16
11/25/25,12/2/25,B86019-16,Stonewashed Linen Fitted Sheet - King - Solid Sand,16
11/25/25,12/2/25,B86018-08,Stonewashed Linen Fitted Sheet - Queen - Sand Thin Stripe,16
11/25/25,12/2/25,B86013-09,Stonewashed Linen Pillowcases - King Set (S/2) - Sienna,16
11/25/25,12/2/25,B86012-06,Stonewashed Linen Pillowcases - Standard Set (S/2) - Charcoal,16
11/25/25,12/2/25,B86014-08,Stonewashed Linen Quilt - Full/Queen - Sand Thin Stripe,16
11/25/25,12/2/25,B86011-27,Stonewashed Linen Euro Shams - 1 Sham - Ivory,16
11/25/25,12/2/25,B86014-16,Stonewashed Linen Quilt - Full/Queen - Solid Sand,17
11/25/25,12/2/25,B86008-04,Stonewashed Linen Duvet - King/Cal-King - Slate Blue,17
11/25/25,12/2/25,B86003-19,Stonewashed Linen Sheet Set - King - Rose,17
11/25/25,12/2/25,B86002-02,Stonewashed Linen Sheet Set - Queen - Light Grey,18
11/25/25,12/2/25,B86014-02,Stonewashed Linen Quilt - Full/Queen - Light Grey,18
11/25/25,12/2/25,B86011-06,Stonewashed Linen Euro Shams - 1 Sham - Charcoal,18
11/25/25,12/2/25,B86009-05,Stonewashed Linen Shams - Standard Set (S/2) - Graphite Thin Stripe,18
11/25/25,12/2/25,B86012-19,Stonewashed Linen Pillowcases - Standard Set (S/2) - Rose,19
11/25/25,12/2/25,B86008-09,Stonewashed Linen Duvet - King/Cal-King - Sienna,19
11/25/25,12/2/25,B86013-27,Stonewashed Linen Pillowcases - King Set (S/2) - Ivory,19
11/25/25,12/2/25,B86011-07,Stonewashed Linen Euro Shams - 1 Sham - Olive,20
11/25/25,12/2/25,B86011-26,Stonewashed Linen Euro Shams - 1 Sham - Aegean,20
11/25/25,12/2/25,B86015-06,Stonewashed Linen Quilt - King/Cal-King - Charcoal,20
11/25/25,12/2/25,B86002-09,Stonewashed Linen Sheet Set - Queen - Sienna,21
11/25/25,12/2/25,B86014-30,Stonewashed Linen Quilt - Full/Queen - Espresso,21
11/25/25,12/2/25,B86010-08,Stonewashed Linen Shams - King Set (S/2) - Sand Thin Stripe,21
11/25/25,12/2/25,B86011-30,Stonewashed Linen Euro Shams - 1 Sham - Espresso,21
11/25/25,12/2/25,B86014-29,Stonewashed Linen Quilt - Full/Queen - Seaglass,21
11/25/25,12/2/25,B86007-09,Stonewashed Linen Duvet - Full/Queen - Sienna,21
11/25/25,12/2/25,B86010-05,Stonewashed Linen Shams - King Set (S/2) - Graphite Thin Stripe,22
11/25/25,12/2/25,B86007-27,Stonewashed Linen Duvet - Full/Queen - Ivory,22
11/25/25,12/2/25,B86014-06,Stonewashed Linen Quilt - Full/Queen - Charcoal,22
11/25/25,12/2/25,B86015-19,Stonewashed Linen Quilt - King/Cal-King - Rose,22
11/25/25,12/2/25,B86015-04,Stonewashed Linen Quilt - King/Cal-King - Slate Blue,22
11/25/25,12/2/25,B86013-01,Stonewashed Linen Pillowcases - King Set (S/2) - White,22
11/25/25,12/2/25,B86010-16,Stonewashed Linen Shams - King Set (S/2) - Solid Sand,23
11/25/25,12/2/25,B86010-30,Stonewashed Linen Shams - King Set (S/2) - Espresso,23
11/25/25,12/2/25,B86019-05,Stonewashed Linen Fitted Sheet - King - Graphite Thin Stripe,23
11/25/25,12/2/25,B86015-16,Stonewashed Linen Quilt - King/Cal-King - Solid Sand,23
11/25/25,12/2/25,B86015-29,Stonewashed Linen Quilt - King/Cal-King - Seaglass,23
11/25/25,12/2/25,B86012-07,Stonewashed Linen Pillowcases - Standard Set (S/2) - Olive,24
11/25/25,12/2/25,B86015-30,Stonewashed Linen Quilt - King/Cal-King - Espresso,24
11/25/25,12/2/25,B86012-09,Stonewashed Linen Pillowcases - Standard Set (S/2) - Sienna,24
11/25/25,12/2/25,B86008-19,Stonewashed Linen Duvet - King/Cal-King - Rose,24
11/25/25,12/2/25,B86014-04,Stonewashed Linen Quilt - Full/Queen - Slate Blue,24
11/25/25,12/2/25,B86007-16,Stonewashed Linen Duvet - Full/Queen - Solid Sand,25
11/25/25,12/2/25,B86013-16,Stonewashed Linen Pillowcases - King Set (S/2) - Solid Sand,25
11/25/25,12/2/25,B86018-05,Stonewashed Linen Fitted Sheet - Queen - Graphite Thin Stripe,26
11/25/25,12/2/25,B86014-05,Stonewashed Linen Quilt - Full/Queen - Graphite Thin Stripe,26
11/25/25,12/2/25,B86009-26,Stonewashed Linen Shams - Standard Set (S/2) - Aegean,26
11/25/25,12/2/25,B86010-26,Stonewashed Linen Shams - King Set (S/2) - Aegean,27
11/25/25,12/2/25,B86013-29,Stonewashed Linen Pillowcases - King Set (S/2) - Seaglass,27
11/25/25,12/2/25,B86008-10,Stonewashed Linen Duvet - King/Cal-King - Indigo Chambray,27
11/25/25,12/2/25,B86008-05,Stonewashed Linen Duvet - King/Cal-King - Graphite Thin Stripe,27
11/25/25,12/2/25,B86014-07,Stonewashed Linen Quilt - Full/Queen - Olive,27
11/25/25,12/2/25,B86015-05,Stonewashed Linen Quilt - King/Cal-King - Graphite Thin Stripe,28
11/25/25,12/2/25,B86007-30,Stonewashed Linen Duvet - Full/Queen - Espresso,28
11/25/25,12/2/25,B86012-10,Stonewashed Linen Pillowcases - Standard Set (S/2) - Indigo Chambray,28
11/25/25,12/2/25,B86008-27,Stonewashed Linen Duvet - King/Cal-King - Ivory,29
11/25/25,12/2/25,B86012-16,Stonewashed Linen Pillowcases - Standard Set (S/2) - Solid Sand,29
11/25/25,12/2/25,B86012-30,Stonewashed Linen Pillowcases - Standard Set (S/2) - Espresso,30
11/25/25,12/2/25,B86013-05,Stonewashed Linen Pillowcases - King Set (S/2) - Graphite Thin Stripe,30
11/25/25,12/2/25,B86013-08,Stonewashed Linen Pillowcases - King Set (S/2) - Sand Thin Stripe,30
11/25/25,12/2/25,B86011-08,Stonewashed Linen Euro Shams - 1 Sham - Sand Thin Stripe,30
11/25/25,12/2/25,B86013-26,Stonewashed Linen Pillowcases - King Set (S/2) - Aegean,31
11/25/25,12/2/25,B86002-10,Stonewashed Linen Sheet Set - Queen - Indigo Chambray,31
11/25/25,12/2/25,B86007-10,Stonewashed Linen Duvet - Full/Queen - Indigo Chambray,31
11/25/25,12/2/25,B86014-10,Stonewashed Linen Quilt - Full/Queen - Indigo Chambray,31
11/25/25,12/2/25,B86008-29,Stonewashed Linen Duvet - King/Cal-King - Seaglass,32
11/25/25,12/2/25,B86007-05,Stonewashed Linen Duvet - Full/Queen - Graphite Thin Stripe,32
11/25/25,12/2/25,B86012-05,Stonewashed Linen Pillowcases - Standard Set (S/2) - Graphite Thin Stripe,32
11/25/25,12/2/25,B86007-08,Stonewashed Linen Duvet - Full/Queen - Sand Thin Stripe,33
11/25/25,12/2/25,B86014-26,Stonewashed Linen Quilt - Full/Queen - Aegean,34
11/25/25,12/2/25,B86012-26,Stonewashed Linen Pillowcases - Standard Set (S/2) - Aegean,35
11/25/25,12/2/25,B86012-29,Stonewashed Linen Pillowcases - Standard Set (S/2) - Seaglass,35
11/25/25,12/2/25,B86015-26,Stonewashed Linen Quilt - King/Cal-King - Aegean,35
11/25/25,12/2/25,B86002-26,Stonewashed Linen Sheet Set - Queen - Aegean,35
11/25/25,12/2/25,B86003-01,Stonewashed Linen Sheet Set - King - White,37
11/25/25,12/2/25,B86012-08,Stonewashed Linen Pillowcases - Standard Set (S/2) - Sand Thin Stripe,37
11/25/25,12/2/25,B86008-30,Stonewashed Linen Duvet - King/Cal-King - Espresso,39
11/25/25,12/2/25,B86015-07,Stonewashed Linen Quilt - King/Cal-King - Olive,41
11/25/25,12/2/25,B86008-16,Stonewashed Linen Duvet - King/Cal-King - Solid Sand,41
11/25/25,12/2/25,B86008-08,Stonewashed Linen Duvet - King/Cal-King - Sand Thin Stripe,42
11/25/25,12/2/25,B86002-27,Stonewashed Linen Sheet Set - Queen - Ivory,42
11/25/25,12/2/25,B86002-29,Stonewashed Linen Sheet Set - Queen - Seaglass,44
11/25/25,12/2/25,B86003-16,Stonewashed Linen Sheet Set - King - Solid Sand,44
11/25/25,12/2/25,B86008-26,Stonewashed Linen Duvet - King/Cal-King - Aegean,53
11/25/25,12/2/25,B86002-16,Stonewashed Linen Sheet Set - Queen - Solid Sand,85
12/24/25,1/14/26,B121019-04,Organic Cotton Gauze Shams - Standard Set (S/2) - Charcoal,7
12/24/25,1/14/26,B121017-04,Organic Cotton Gauze Duvet Set - Full/Queen - Charcoal,8
12/20/25,12/19/25,D119003-02,Tikal Wood Vase - Large - Mahogany,10
12/24/25,1/14/26,B121018-04,Organic Cotton Gauze Duvet Set - King/Cal King - Charcoal,13
12/24/25,1/14/26,B121019-05,Organic Cotton Gauze Shams - Standard Set (S/2) - Olive,14
12/24/25,1/14/26,B121026-12,Organic Cotton Gauze Shams - Standard Set - Mineral,15
12/20/25,12/19/25,D119004-01,Tikal Wood Vase - Medium - White Cedar,16
12/20/25,12/19/25,D119003-01,Tikal Wood Vase  - Medium - Mahogany,19
12/24/25,1/14/26,B121027-05,Organic Cotton Gauze Shams - Standard Set - Mulberry,20
12/24/25,1/14/26,B121020-03,Organic Cotton Gauze Shams - King Set (S/2) - Tan,20
12/24/25,1/14/26,B121026-09,Organic Cotton Gauze Quilt - King - Mineral,24
12/24/25,1/14/26,B121027-03,Organic Cotton Gauze Duvet Set - Full/Queen - Mulberry,25
12/24/25,1/14/26,B121020-05,Organic Cotton Gauze Shams - King Set (S/2) - Olive,25
12/24/25,1/14/26,B121027-04,Organic Cotton Gauze Duvet Set - King - Mulberry,25
12/24/25,1/14/26,B121015-02,Organic Cotton Gauze Quilt - Full/Queen - Stone Grey,25
12/24/25,1/14/26,B121016-02,Organic Cotton Gauze Quilt - King/Cal King - Stone Grey,25
12/20/25,12/19/25,D119001-02,Elena Wall Hanging,25
12/24/25,1/14/26,B121016-04,Organic Cotton Gauze Quilt - King/Cal King - Charcoal,30
12/24/25,1/14/26,B121015-03,Organic Cotton Gauze Quilt - Full/Queen - Tan,30
12/24/25,1/14/26,B121018-01,Organic Cotton Gauze Duvet Set - King/Cal King - White,30
12/24/25,1/14/26,B121015-05,Organic Cotton Gauze Quilt - Full/Queen - Olive,30
12/24/25,1/14/26,B121027-02,Organic Cotton Gauze Quilt - King - Mulberry,30
12/24/25,1/14/26,B121016-01,Organic Cotton Gauze Quilt - King/Cal King - White,30
12/24/25,1/14/26,B121016-05,Organic Cotton Gauze Quilt - King/Cal King - Olive,30
12/24/25,1/14/26,B121015-04,Organic Cotton Gauze Quilt - Full/Queen - Charcoal,30
12/24/25,1/14/26,B121017-05,Organic Cotton Gauze Duvet Set - Full/Queen - Olive,30
12/24/25,1/14/26,B121017-01,Organic Cotton Gauze Duvet Set - Full/Queen - White,30
12/24/25,1/14/26,B121018-03,Organic Cotton Gauze Duvet Set - King/Cal King - Tan,30
12/24/25,1/14/26,B121026-08,Organic Cotton Gauze Quilt - Full/Queen - Mineral,30
12/24/25,1/14/26,B121015-01,Organic Cotton Gauze Quilt - Full/Queen - White,30
12/24/25,1/14/26,B121027-01,Organic Cotton Gauze Quilt - Full/Queen - Mulberry,30
12/20/25,12/19/25,D119001-01,Tikal Wood Bud Vase - Granadillo,30
12/24/25,1/14/26,B121017-03,Organic Cotton Gauze Duvet Set - Full/Queen - Tan,40
12/24/25,1/14/26,B121016-03,Organic Cotton Gauze Quilt - King/Cal King - Tan,40
12/24/25,1/14/26,B121018-05,Organic Cotton Gauze Duvet Set - King/Cal King - Olive,50
1/1/26,1/12/26,B120002-01,Naya Organic Cotton Quilt - Full/Queen - Moss,35
1/1/26,1/12/26,B120001-01,Naya Organic Cotton Quilt - Full/Queen - Mulberry,35
1/1/26,1/12/26,B120003-01,Naya Organic Cotton Quilt - Full/Queen - Stone Blue,40
1/1/26,1/12/26,B120004-01,Ayla Organic Cotton Quilt - Full/Queen - Natural,40
1/1/26,1/12/26,P120016-01-C,Calista Lumbar Pillow - 12x48 - Taupe,41
1/1/26,1/12/26,B120005-01,Ayla Organic Cotton Quilt - Full/Queen - Olive,45
1/1/26,1/12/26,B120005-02,Ayla Organic Cotton Quilt - King/Cal King - Olive,55
1/1/26,1/12/26,B120004-02,Ayla Organic Cotton Quilt - King/Cal King - Natural,60
1/1/26,1/12/26,B120003-02,Naya Organic Cotton Quilt - King/Cal King - Stone Blue,60
1/1/26,1/12/26,P120016-02-C,Calista Lumbar Pillow - 12x48 - Aegean,62
1/1/26,1/12/26,B120002-02,Naya Organic Cotton Quilt - King/Cal King - Moss,65
1/1/26,1/12/26,B120001-02,Naya Organic Cotton Quilt - King/Cal King - Mulberry,65
1/12/26,1/24/26,D84009-01,Loktak Shower Curtain - Sand,14
1/12/26,1/24/26,P84044-02-C,Prisha Linen Pillow - 24x24 - Clay - Cover,15
1/12/26,1/24/26,P84020-03-C,Prisha Linen Lumbar Pillow - 14x30 - Olive - Cover,15
1/12/26,1/24/26,D84008-01,Loktak Shower Curtain - White,19
1/12/26,1/24/26,P84018-03-C,Prisha Linen Lumbar Pillow - 14x30 - Flax - Cover,20
1/12/26,1/24/26,P84044-05-C,Prisha Linen Lumbar Pillow - 14x54 - Clay - Cover,20
1/12/26,1/24/26,P84043-05-C,Prisha Linen Lumbar Pillow - 14x54 - Turmeric - Cover,21
1/12/26,1/24/26,P84043-03-C,Prisha Linen Lumbar Pillow - 14x30 - Turmeric - Cover,22
1/12/26,1/24/26,P84043-01-C,Prisha Linen Pillow - 20x20 - Turmeric - Cover,23
1/12/26,1/24/26,P84055-03-C,Prisha Linen Lumbar Pillow - 14x30 - Eucalyptus - Cover,27
1/12/26,1/24/26,D84020-01,Kaveri Linen Shower Curtain - Charcoal / Olive,29
1/12/26,1/24/26,P84043-04-C,Prisha Linen Lumbar Pillow - 12x48 - Turmeric - Cover,30
1/12/26,1/24/26,P84018-02-C,Prisha Linen Pillow - 24x24 - Flax - Cover,30
1/12/26,1/24/26,P84070-03-C,Prisha Linen Lumbar Pillow - 14x30,30
1/12/26,1/24/26,P84018-01-C,Prisha Linen Pillow - 20x20 - Flax - Cover,30
1/12/26,1/24/26,P84020-02-C,Prisha Linen Pillow - 24x24 - Olive - Cover,30
1/12/26,1/24/26,P84070-02-C,Prisha Linen Pillow - 24x24 - Mulberry,32
1/12/26,1/24/26,P84044-04-C,Prisha Linen Lumbar Pillow - 12x48 - Clay - Cover,33
1/12/26,1/24/26,P84054-03-C,Prisha Linen Lumbar Pillow - 14x30 - Light Aegean - Cover,33
1/12/26,1/24/26,T84010-02,Arya Linen Bed Blanket - Clay,33
1/12/26,1/24/26,P84054-02-C,Prisha Linen Pillow - 24x24 - Light Aegean - Cover,34
1/12/26,1/24/26,P84055-04-C,Prisha Linen Lumbar Pillow - 12x48 - Eucalyptus - Cover,35
1/12/26,1/24/26,P84055-05-C,Prisha Linen Lumbar Pillow - 14x54 - Eucalyptus - Cover,35
1/12/26,1/24/26,P84055-01-C,Prisha Linen Pillow - 20x20 - Eucalyptus - Cover,35
1/12/26,1/24/26,P84043-05-C,Prisha Linen Lumbar Pillow - 14x54 - Turmeric - Cover,37
1/12/26,1/24/26,D84011-01,Chilka Shower Curtain - Cream,38
1/12/26,1/24/26,P84020-01-C,Prisha Linen Pillow - 20x20 - Olive - Cover,43
1/12/26,1/24/26,D84020-02,Kaveri Linen Shower Curtain - Flax / Latte,43
1/12/26,1/24/26,T84011-02,Arya Linen Bed Blanket - Turmeric,44
1/12/26,1/24/26,T84009-02,Arya Linen Bed Blanket - Olive,46
1/12/26,1/24/26,P84018-04-C,Prisha Linen Lumbar Pillow - 12x48 - Flax - Cover,47
1/12/26,1/24/26,P84044-02-C,Prisha Linen Pillow - 24x24 - Clay - Cover,48
1/12/26,1/24/26,P84020-04-C,Prisha Linen Lumbar Pillow - 12x48 - Olive - Cover,49
1/12/26,1/24/26,P84054-05-C,Prisha Linen Lumbar Pillow - 14x54 - Light Aegean - Cover,50
1/12/26,1/24/26,P84070-04-C,Prisha Linen Lumbar Pillow - 12x48,50
1/12/26,1/24/26,P84013-01-C,Mahi Lumbar Pillow - 12x20 - Flax - Cover,50
1/12/26,1/24/26,P84018-05-C,Prisha Linen Lumbar Pillow - 14x54 - Flax - Cover,50
1/12/26,1/24/26,P84043-01-C,Prisha Linen Pillow - 20x20 - Turmeric - Cover,50
1/12/26,1/24/26,P84069-01-C,Seema Pillow - 20x20 - Taupe,52
1/12/26,1/24/26,P84020-01-C,Prisha Linen Pillow - 20x20 - Olive - Cover,52
1/12/26,1/24/26,P84054-01-C,Prisha Linen Pillow - 20x20 - Light Aegean - Cover,52
1/12/26,1/24/26,P84016-01-C,Adhira Pillow - 20x20 - Ecru - Cover,54
1/12/26,1/24/26,P84020-03-C,Prisha Linen Lumbar Pillow - 14x30 - Olive - Cover,54
1/12/26,1/24/26,P84067-02-C,Seema Lumbar Pillow -12x48 - Stone Blue,55
1/12/26,1/24/26,P84059-01-C,Jasma Pillow - 22x22 - Aegean - Cover,55
1/12/26,1/24/26,P84046-02-C,Mahi Pillow - 22x22 - Flax - Cover,55
1/12/26,1/24/26,P84020-05-C,Prisha Linen Lumbar Pillow - 14x54 - Olive - Cover,56
1/12/26,1/24/26,P84046-02-C,Mahi Pillow - 22x22 - Flax - Cover,56
1/12/26,1/24/26,P84069-02-C,Seema Lumbar Pillow -12x48 - Taupe,56
1/12/26,1/24/26,P84055-01-C,Prisha Linen Pillow - 20x20 - Eucalyptus - Cover,56
1/12/26,1/24/26,P84046-01-C,Mahi Pillow - 18x18 - Flax - Cover,57
1/12/26,1/24/26,P84043-03-C,Prisha Linen Lumbar Pillow - 14x30 - Turmeric - Cover,57
1/12/26,1/24/26,P84062-01-C,Kasni Pillow - 22x22 - Stone - Cover,58
1/12/26,1/24/26,P84016-01-C,Adhira Pillow - 20x20 - Ecru - Cover,58
1/12/26,1/24/26,P84070-05-C,Prisha Linen Lumbar Pillow - 14x54,58
1/12/26,1/24/26,P84018-05-C,Prisha Linen Lumbar Pillow - 14x54 - Flax - Cover,58
1/12/26,1/24/26,T84008-02,Arya Linen Bed Blanket - Mist,58
1/12/26,1/24/26,P84070-03-C,Prisha Linen Lumbar Pillow - 14x30,58
1/12/26,1/24/26,P84070-01-C,Prisha Linen Pillow - 20x20 - Mulberry,60
1/12/26,1/24/26,P84054-04-C,Prisha Linen Lumbar Pillow - 12x48 - Light Aegean - Cover,60
1/12/26,1/24/26,P84070-04-C,Prisha Linen Lumbar Pillow - 12x48,60
1/12/26,1/24/26,P84054-01-C,Prisha Linen Pillow - 20x20 - Light Aegean - Cover,61
1/12/26,1/24/26,P84054-04-C,Prisha Linen Lumbar Pillow - 12x48 - Light Aegean - Cover,62
1/12/26,1/24/26,P84059-01-C,Jasma Pillow - 22x22 - Aegean - Cover,62
1/12/26,1/24/26,P84054-05-C,Prisha Linen Lumbar Pillow - 14x54 - Light Aegean - Cover,64
1/12/26,1/24/26,P84070-02-C,Prisha Linen Pillow - 24x24 - Mulberry,65
1/12/26,1/24/26,P84018-01-C,Prisha Linen Pillow - 20x20 - Flax - Cover,65
1/12/26,1/24/26,P84046-01-C,Mahi Pillow - 18x18 - Flax - Cover,68
1/12/26,1/24/26,T84012-02,Arya Linen Bed Blanket - Midnight,69
1/12/26,1/24/26,P84054-03-C,Prisha Linen Lumbar Pillow - 14x30 - Light Aegean - Cover,72
1/12/26,1/24/26,P84013-01-C,Mahi Lumbar Pillow - 12x20 - Flax - Cover,102
12/1/25,12/15/25,P126013-01-C,Lara Pillow - 20x20 - Blush,5
12/1/25,12/15/25,P126013-01-C,Lara Pillow - 20x20 - Blush,5
12/1/25,12/15/25,P126014-01-C,Tasmin Lumbar Pillow - 12x48 - Aubergine,10
1/6/26,1/15/26,S104001-01,Hinoki Wood Side Table - Half Moon,50
1/6/26,1/15/26,D104003-01,Hinoki Wood Ladder,50
1/6/26,1/15/26,S104003-01,Hinoki Wood Nightstand - Drawer,50
1/6/26,1/15/26,D104001-03,Hinoki Wood Standing Rack,50
1/6/26,1/15/26,D104001-01,Hinoki Wood Floor Mirror - Small,100
1/6/26,1/15/26,D104001-02,Hinoki Wood Floor Mirror - Standard,185
1/6/26,1/15/26,D104012-01,Imabari Waffle Towels - 1 Bath Towel - Seaglass,270
12/21/25,1/1/26,C97005-03,Torres Round Leather Ottoman - Large - Olive,9
12/21/25,1/1/26,C97009-02,Torres Round Leather Storage Ottoman - Large - Natural,9
12/21/25,1/1/26,C97007-03,Torres Round Leather Ottoman - Large - Natural,10
12/21/25,1/1/26,C97005-02,Torres Round Leather Ottoman - Medium - Olive,12
12/21/25,1/1/26,C97009-01,Torres Round Leather Storage Ottoman - Medium - Natural,12
12/21/25,1/1/26,C97003-01,Torres Round Leather Ottoman - Large - Caramel,15
12/21/25,1/1/26,D97001-01,Hanging Leather Headboard - Full/Queen - Caramel,16
12/21/25,1/1/26,D97001-02,Hanging Leather Headboard - King/Cal-King - Caramel,16
12/21/25,1/1/26,C97007-02,Torres Round Leather Ottoman - Medium - Natural,16
12/21/25,1/1/26,C97007-01,Torres Round Leather Ottoman - Small - Natural,24
12/21/25,1/1/26,P97001-03-C,Sheepskin Pillow - 18x18 - Tan - Cover,30
12/21/25,1/1/26,P97001-02-C,Sheepskin Lumbar Pillow - 12x20 - Tan - Cover,49
12/4/25,12/12/25,P20001-35,Pillow Insert - 26x26 insert for 24x24 cover,24
1/4/26,1/19/26,D143014-07,Veda Marble Table Lamp,50
12/4/25,12/12/25,P20001-24,Pillow Insert - 22x22 insert for 20x20 cover,80
12/4/25,12/12/25,P20001-25,Pillow Insert - 24x24 insert for 22x22 cover,96
12/4/25,12/12/25,P20001-23,Pillow Insert - 13x22 insert for 12x20 cover,384
12/4/25,12/12/25,P20001-36,Pillow Insert - 20x20 insert for 18x18 cover,704
12/5/25,12/10/25,D129006-01,Wood Wall Hanging Rod,7
12/5/25,12/10/25,D12007-01,Abaco Wall Art,8
12/5/25,12/10/25,D129002-01-S,Lomas Wall Hanging Bracket,15
12/5/25,12/10/25,D129002-01,Lomas Wall Hanging - Medium,20
12/5/25,12/10/25,D129001-01,Laguna Wall Hanging,27
12/5/25,12/10/25,D129002-02,Lomas Wall Hanging - Large,42
12/11/25,12/25/25,P126012-01-C,Umut PIllow - 20x20 - Stone Blue,10
1/11/26,2/1/26,F147003-01,Prina Wood Coffee Table - Walnut,25
12/21/25,1/11/26,C11002-02,Sanjay Ottoman - Large - Solid,50
12/21/25,1/11/26,C11001-01,Sanjay Ottoman - Medium - Striped,50
12/21/25,1/11/26,C11002-01,Sanjay Ottoman - Medium - Solid,50
1/11/26,2/1/26,F147001-01,Mishka Wood Side Table - Walnut,51
1/21/26,1/30/26,B15216-01,Amelia Quilt - Aegean - Full/Queen,7
1/21/26,1/30/26,B15218-03,Lianna Quilt - Sand - Twin,7
1/21/26,1/30/26,B15218-01,Lianna Quilt - Sand - Full/Queen,8
1/21/26,1/30/26,B15219-01,Lianna Quilt - Aegean - Full/Queen,10
1/21/26,1/30/26,B15216-02,Amelia Quilt - Aegean - King/Cal King,36
1/21/26,1/30/26,B15218-02,Lianna Quilt - Sand - King/Cal King,39
1/21/26,1/30/26,B15219-02,Lianna Quilt - Aegean - King/Cal King,54
12/25/25,1/15/26,B86019-31,Stonewashed Linen Fitted Sheet - King - Barley,5
12/25/25,1/15/26,B86012-31,Stonewashed Linen Pillowcases - Standard Set (S/2) - Barley,5
12/25/25,1/15/26,B86003-31,Stonewashed Linen Sheet Set - King - Barley,5
12/25/25,1/15/26,B86001-09,Stonewashed Linen Sheet Set - Full - Sienna,5
12/25/25,1/15/26,B86001-31,Stonewashed Linen Sheet Set - Full - Barley,5
12/25/25,1/15/26,B86014-31,Stonewashed Linen Quilt - Full/Queen - Barley,5
12/25/25,1/15/26,B86003-09,Stonewashed Linen Sheet Set - King - Sienna,5
12/25/25,1/15/26,B86001-33,Stonewashed Linen Sheet Set - Full - Emerald,5
12/25/25,1/15/26,B86009-33,Stonewashed Linen Shams - Standard Set (S/2) - Emerald,5
12/25/25,1/15/26,B86001-10,Stonewashed Linen Sheet Set - Full - Indigo Chambray,5
12/25/25,1/15/26,B86018-31,Stonewashed Linen Fitted Sheet - Queen - Barley,5
12/25/25,1/15/26,B86008-33,Stonewashed Linen Duvet - King/Cal-King - Emerald,5
12/25/25,1/15/26,B86016-31,Stonewashed Linen Sheet Set - Cal-King - Barley,5
12/25/25,1/15/26,B86003-33,Stonewashed Linen Sheet Set - King - Emerald,5
12/25/25,1/15/26,B86002-31,Stonewashed Linen Sheet Set - Queen - Barley,5
12/25/25,1/15/26,B86016-09,Stonewashed Linen Sheet Set - Cal-King - Sienna,5
12/25/25,1/15/26,B86010-33,Stonewashed Linen Shams - King Set (S/2) - Emerald,5
12/25/25,1/15/26,B86001-29,Stonewashed Linen Sheet Set - Full - Seaglass,6
12/25/25,1/15/26,B86001-27,Stonewashed Linen Sheet Set - Full - Ivory,6
12/25/25,1/15/26,B86002-33,Stonewashed Linen Sheet Set - Queen - Emerald,7
12/25/25,1/15/26,B86019-09,Stonewashed Linen Fitted Sheet - King - Sienna,7
12/25/25,1/15/26,B86012-33,Stonewashed Linen Pillowcases - Standard Set (S/2) - Emerald,7
12/25/25,1/15/26,B86008-31,Stonewashed Linen Duvet - King/Cal-King - Barley,8
12/25/25,1/15/26,B86019-10,Stonewashed Linen Fitted Sheet - King - Indigo Chambray,9
12/25/25,1/15/26,B86011-31,Stonewashed Linen Euro Shams - 1 Sham - Barley,9
12/25/25,1/15/26,B86015-31,Stonewashed Linen Quilt - King/Cal-King - Barley,9
12/25/25,1/15/26,B86009-09,Stonewashed Linen Shams - Standard Set (S/2) - Sienna,9
12/25/25,1/15/26,B86010-31,Stonewashed Linen Shams - King Set (S/2) - Barley,9
12/25/25,1/15/26,B86007-31,Stonewashed Linen Duvet - Full/Queen - Barley,9
12/25/25,1/15/26,B86013-10,Stonewashed Linen Pillowcases - King Set (S/2) - Indigo Chambray,11
12/25/25,1/15/26,B86018-09,Stonewashed Linen Fitted Sheet - Queen - Sienna,11
12/25/25,1/15/26,B86009-31,Stonewashed Linen Shams - Standard Set (S/2) - Barley,11
12/25/25,1/15/26,B86011-09,Stonewashed Linen Euro Shams - 1 Sham - Sienna,13
12/25/25,1/15/26,B86018-10,Stonewashed Linen Fitted Sheet - Queen - Indigo Chambray,15
12/25/25,1/15/26,B86010-09,Stonewashed Linen Shams - King Set (S/2) - Sienna,15
12/25/25,1/15/26,B86013-09,Stonewashed Linen Pillowcases - King Set (S/2) - Sienna,16
12/25/25,1/15/26,B86009-10,Stonewashed Linen Shams - Standard Set (S/2) - Indigo Chambray,16
12/25/25,1/15/26,B86010-10,Stonewashed Linen Shams - King Set (S/2) - Indigo Chambray,16
12/25/25,1/15/26,B86003-10,Stonewashed Linen Sheet Set - King - Indigo Chambray,18
12/25/25,1/15/26,B86008-09,Stonewashed Linen Duvet - King/Cal-King - Sienna,19
12/25/25,1/15/26,B86002-09,Stonewashed Linen Sheet Set - Queen - Sienna,21
12/25/25,1/15/26,B86007-09,Stonewashed Linen Duvet - Full/Queen - Sienna,21
12/25/25,1/15/26,B86012-09,Stonewashed Linen Pillowcases - Standard Set (S/2) - Sienna,24
12/25/25,1/15/26,B86012-10,Stonewashed Linen Pillowcases - Standard Set (S/2) - Indigo Chambray,28
12/25/25,1/15/26,B86002-10,Stonewashed Linen Sheet Set - Queen - Indigo Chambray,31
12/25/25,1/15/26,B86012-29,Stonewashed Linen Pillowcases - Standard Set (S/2) - Seaglass,35
12/19/25,1/2/26,D129003-02-F,Vista Wall Hanging - Landscape with Frame,5
12/19/25,1/2/26,D129003-01-F,Vista Wall Hanging - Portrait with Frame,5
12/19/25,1/2/26,D129003-01,Vista Wall Hanging - Portrait,10
1/20/26,1/26/26,D120005-01,Amala Jute Wall Hanging - Natural,100
1/20/26,1/26/26,P120003-02-C,Naveta Velvet Lumbar Pillow - 12x20 - Camel - Cover,100
1/20/26,1/26/26,P120001-04-C,Naveta Velvet Pillow - 18x18 - Mulberry - Cover,100
1/20/26,1/26/26,P120002-04-C,Naveta Velvet Pillow - 22x22 - Mulberry - Cover,100
1/20/26,1/26/26,P120010-01-C,Naveta Velvet Lumbar Pillow - 12x20 - Spice - Cover,100
1/20/26,1/26/26,P120009-01-C,Naveta Velvet Lumbar Pillow - 12x20 - Cocoa - Cover,100
1/20/26,1/26/26,P120010-02-C,Naveta Velvet Pillow - 18x18 - Spice - Cover,100
1/20/26,1/26/26,P120001-03-C,Naveta Velvet Pillow - 18x18 - Almond - Cover,100
1/20/26,1/26/26,P120001-01-C,Naveta Velvet Pillow - 18x18 - Aegean - Cover,100
1/20/26,1/26/26,P120010-06-C,Naveta Velvet Lumbar Pillow - 12x48 - Aegean - Cover,100
1/20/26,1/26/26,P120001-05-C,Naveta Velvet Pillow - 18x18 - Moss - Cover,100
1/20/26,1/26/26,P120009-02-C,Naveta Velvet Pillow - 18x18 - Cocoa - Cover,100
1/20/26,1/26/26,P120003-05-C,Naveta Velvet Lumbar Pillow - 12x20 - Moss - Cover,100
1/20/26,1/26/26,P120009-03-C,Naveta Velvet Pillow - 22x22 - Cocoa - Cover,100
1/20/26,1/26/26,P120002-01-C,Naveta Velvet Pillow - 22x22 - Aegean - Cover,100
1/20/26,1/26/26,P120003-01-C,Naveta Velvet Lumbar Pillow - 12x20 - Aegean - Cover,100
1/20/26,1/26/26,P120001-02-C,Naveta Velvet Pillow - 18x18 - Camel - Cover,100
1/20/26,1/26/26,P120002-02-C,Naveta Velvet Pillow - 22x22 - Camel - Cover,100
1/20/26,1/26/26,D120005-01,Amala Jute Wall Hanging - Natural,121
12/25/25,1/8/26,P20001-31,Pillow Faux Down Insert - 13x32 - 44 oz.,70
12/25/25,1/8/26,P20001-28,Pillow Insert - 15x32 insert for 14x30 cover,128
12/25/25,1/8/26,P20001-35,Pillow Insert - 26x26 insert for 24x24 cover,129
12/25/25,1/8/26,P20001-41,Pillow Insert - 16x56 insert for 14x54 cover,133
12/25/25,1/8/26,P20001-23,Pillow Insert - 13x22 insert for 12x20 cover,144
12/25/25,1/8/26,P20001-36,Pillow Insert - 20x20 insert for 18x18 cover,167
12/25/25,1/8/26,P20001-25,Pillow Insert - 24x24 insert for 22x22 cover,706
12/25/25,1/8/26,P20001-24,Pillow Insert - 22x22 insert for 20x20 cover,839
12/25/25,1/8/26,P20001-05,Pillow Insert - 12x52,1211
1/30/26,2/5/26,R141012-08,Lata Hand-Knotted Area Rug - 10x14 - Taupe,1
1/30/26,2/5/26,R141001-08,Rabani Wool Area Rug - 10x14 - Sand,1
1/30/26,2/5/26,R141011-03,Hemali Flatweave Area Rug - 9x12 - Sand,1
1/30/26,2/5/26,R171017-02,Lalli Hand-Knotted Accent Rug - 2x3 - Mushroom,1
1/30/26,2/5/26,R141005-07,Ishara Hand-Knotted Area Rug - 9x12 - Taupe,1
1/30/26,2/5/26,R141009-07,Chahana Hand-Knotted Area Rug - 9x12 - Ecru,1
1/30/26,2/5/26,R141005-08,Ishara Hand-Knotted Area Rug - 10x14 - Taupe,1
1/30/26,2/5/26,R141003-05,Sabita Wool Hand-Knotted Area Rug - 6x9 - Cocoa,1
1/30/26,2/5/26,R171017-03,Lalli Hand-Knotted Accent Rug - 3x5 - Mushroom,2
1/30/26,2/5/26,R141004-06,Hanita Hand-Knotted Area Rug - 8x10 - Olive,2
1/30/26,2/5/26,R141008-07,Bina Hand-Knotted Area Rug - 9x12 - Black,2
1/30/26,2/5/26,R141001-07,Rabani Wool Area Rug - 9x12 - Sand,2
1/30/26,2/5/26,R141004-01,Hanita Hand-Knotted Runner - 2.5x8 - Olive,2
1/30/26,2/5/26,R141011-06,Lata Hand-Knotted Area Rug - 8x10 - Beige,2
1/30/26,2/5/26,R141029-06,Rupa Washable Rug - 8x10 - Ecru,2
1/30/26,2/5/26,R141010-10,Shakha Hand-Knotted Area Rug - 10x14 - Natural,2
1/30/26,2/5/26,R141009-05,Chahana Hand-Knotted Area Rug - 6x9 - Ecru,2
1/30/26,2/5/26,R171017-05,Lalli Hand-Knotted Area Rug - 6x9 - Mushroom,2
1/30/26,2/5/26,R151015-02,Atashi Hand-Knotted Accent Rug - 2x3 - Rust,2
1/30/26,2/5/26,R151015-01,Atashi Hand-Knotted Runner - 2.5x8 - Rust,2
1/30/26,2/5/26,R141011-02,Hemali Flatweave Area Rug - 8x10 - Sand,2
1/30/26,2/5/26,R141010-03,Shakha Hand-Knotted Area Rug - 6x9 - Natural,3
1/30/26,2/5/26,R151015-03,Atashi Hand-Knotted Accent Rug - 3x5 - Rust,3
1/30/26,2/5/26,R141012-06,Lata Hand-Knotted Area Rug - 8x10 - Taupe,3
1/30/26,2/5/26,R141012-07,Lata Hand-Knotted Area Rug - 9x12 - Taupe,4
1/30/26,2/5/26,R141010-09,Shakha Hand-Knotted Area Rug - 9x12 - Natural,4
1/30/26,2/5/26,R141010-02,Shakha Hand-Knotted Runner - 2.5x8 - Natural,5
1/30/26,2/5/26,R151015-06,Atashi Hand-Knotted Area Rug - 8x10 - Rust,13
1/30/26,2/5/26,P141007-01-C,Arjun Pillow - 18x18 - Ecru - Cover,50
1/30/26,2/5/26,P141010-01-C,Lalia Pillow - 20x20 - Mushroom - Cover,50
1/30/26,2/5/26,P141009-01-C,Ishaan Lumbar Pillow - 12x20 - Mushroom - Cover,50
1/30/26,2/5/26,P141012-01-C,Lalia Pillow - 20x20 - Ecru - Cover,50
1/28/26,2/18/26,B15206-04,Stonewashed Organic Cotton Percale Sheet Set - King - Olive,1
1/28/26,2/18/26,B15205-04,Stonewashed Organic Cotton Percale Fitted Sheet - King - Olive,1
1/28/26,2/18/26,B15204-06,Stonewashed Organic Cotton Percale Sheet Set - Queen - Seaglass,1
1/28/26,2/18/26,B15205-05,Stonewashed Organic Cotton Percale Fitted Sheet - King - Aegean,1
1/28/26,2/18/26,B15209-01,Stonewashed Organic Cotton Percale Duvet - Full/Queen - White,1
1/28/26,2/18/26,B15202-01,Stonewashed Organic Cotton Percale Sheet Set - Full - White,2
1/28/26,2/18/26,B15213-04,Stonewashed Organic Cotton Percale Shams - 1 Sham - Olive,2
1/28/26,2/18/26,B15205-03,Stonewashed Organic Cotton Percale Fitted Sheet - King - Blush,2
1/28/26,2/18/26,B15211-05,Stonewashed Organic Cotton Percale Shams - Standard Set (S/2) - Aegean,2
1/28/26,2/18/26,B15220-05,Organic Stonewashed Percale Channel Quilt Quilt - Full/Queen - Aegean,2
1/28/26,2/18/26,B15203-02,Stonewashed Organic Cotton Percale Fitted Sheet - Queen - Warm Grey,2
1/28/26,2/18/26,B15214-04,Stonewashed Organic Cotton Percale Fitted Sheet - Cal King - Olive,2
1/28/26,2/18/26,B15214-05,Stonewashed Organic Cotton Percale Fitted Sheet - Cal King - Aegean,3
1/28/26,2/18/26,B15203-06,Stonewashed Organic Cotton Percale Fitted Sheet - Queen - Seaglass,3
1/28/26,2/18/26,B15201-01,Stonewashed Organic Cotton Percale Fitted Sheet - Full - White,3
1/28/26,2/18/26,B15215-01,Stonewashed Organic Cotton Percale Sheet Set - Cal King - White,3
1/28/26,2/18/26,B15201-04,Stonewashed Organic Cotton Percale Fitted Sheet - Full - Olive,3
1/28/26,2/18/26,B15212-04,Stonewashed Organic Cotton Percale Shams - King Set (S/2) - Olive,3
1/28/26,2/18/26,B15203-04,Stonewashed Organic Cotton Percale Fitted Sheet - Queen - Olive,5
1/28/26,2/18/26,B15201-05,Stonewashed Organic Cotton Percale Fitted Sheet - Full - Aegean,6
1/28/26,2/18/26,B15207-06,Stonewashed Organic Cotton Percale Pillowcases - Standard Set (S/2) - Seaglass,6
1/28/26,2/18/26,B15204-02,Stonewashed Organic Cotton Percale Sheet Set - Queen - Warm Grey,6
1/28/26,2/18/26,B15203-03,Stonewashed Organic Cotton Percale Fitted Sheet - Queen - Blush,7
1/28/26,2/18/26,B15202-02,Stonewashed Organic Cotton Percale Sheet Set - Full - Warm Grey,7
1/28/26,2/18/26,B15210-03,Stonewashed Organic Cotton Percale Duvet - King/Cal-King - Blush,8
1/28/26,2/18/26,B15212-03,Stonewashed Organic Cotton Percale Shams - King Set (S/2) - Blush,8
1/28/26,2/18/26,B15203-05,Stonewashed Organic Cotton Percale Fitted Sheet - Queen - Aegean,8
1/28/26,2/18/26,B15202-04,Stonewashed Organic Cotton Percale Sheet Set - Full - Olive,9
1/28/26,2/18/26,B15205-02,Stonewashed Organic Cotton Percale Fitted Sheet - King - Warm Grey,9
1/28/26,2/18/26,B15215-05,Stonewashed Organic Cotton Percale Sheet Set - Cal King - Aegean,9
1/28/26,2/18/26,B15213-01,Stonewashed Organic Cotton Percale Shams - 1 Sham - White,9
1/28/26,2/18/26,B15205-07,Stonewashed Organic Cotton Percale Fitted Sheet - King - Ivory,9
1/28/26,2/18/26,B15211-06,Stonewashed Organic Cotton Percale Shams - Standard Set (S/2) - Seaglass,9
1/28/26,2/18/26,B15209-06,Stonewashed Organic Cotton Percale Duvet - Full/Queen - Seaglass,10
1/28/26,2/18/26,B15203-07,Stonewashed Organic Cotton Percale Fitted Sheet - Queen - Ivory,10
1/28/26,2/18/26,B15203-01,Stonewashed Organic Cotton Percale Fitted Sheet - Queen - White,11
1/28/26,2/18/26,B15215-03,Stonewashed Organic Cotton Percale Sheet Set - Cal King - Blush,11
1/28/26,2/18/26,B15210-07,Stonewashed Organic Cotton Percale Duvet - King/Cal-King - Ivory,11
1/28/26,2/18/26,B15212-01,Stonewashed Organic Cotton Percale Shams - King Set (S/2) - White,11
1/28/26,2/18/26,B15213-05,Stonewashed Organic Cotton Percale Shams - 1 Sham - Aegean,11
1/28/26,2/18/26,B15208-07,Stonewashed Organic Cotton Percale Pillowcases - King Set (S/2) - Ivory,12
1/28/26,2/18/26,B15224-05,Organic Stonewashed Percale Channel Quilt Euro Sham - 1 Sham - Aegean,12
1/28/26,2/18/26,B15202-05,Stonewashed Organic Cotton Percale Sheet Set - Full - Aegean,12
1/28/26,2/18/26,B15205-01,Stonewashed Organic Cotton Percale Fitted Sheet - King - White,14
1/28/26,2/18/26,B15211-02,Stonewashed Organic Cotton Percale Shams - Standard Set (S/2) - Warm Grey,14
1/28/26,2/18/26,B15220-04,Organic Stonewashed Percale Channel Quilt Quilt - Full/Queen - Olive,15
1/28/26,2/18/26,B15215-06,Stonewashed Organic Cotton Percale Sheet Set - Cal King - Seaglass,15
1/28/26,2/18/26,B15209-02,Stonewashed Organic Cotton Percale Duvet - Full/Queen - Warm Grey,16
1/28/26,2/18/26,B15207-01,Stonewashed Organic Cotton Percale Pillowcases - Standard Set (S/2) - White,16
1/28/26,2/18/26,B15207-05,Stonewashed Organic Cotton Percale Pillowcases - Standard Set (S/2) - Aegean,16
1/28/26,2/18/26,B15206-02,Stonewashed Organic Cotton Percale Sheet Set - King - Warm Grey,17
1/28/26,2/18/26,B15202-06,Stonewashed Organic Cotton Percale Sheet Set - Full - Seaglass,18
1/28/26,2/18/26,B15202-03,Stonewashed Organic Cotton Percale Sheet Set - Full - Blush,18
1/28/26,2/18/26,B15209-07,Stonewashed Organic Cotton Percale Duvet - Full/Queen - Ivory,19
1/28/26,2/18/26,B15207-07,Stonewashed Organic Cotton Percale Pillowcases - Standard Set (S/2) - Ivory,19
1/28/26,2/18/26,B15213-07,Stonewashed Organic Cotton Percale Shams - 1 Sham - Ivory,19
1/28/26,2/18/26,B15211-01,Stonewashed Organic Cotton Percale Shams - Standard Set (S/2) - White,20
1/28/26,2/18/26,B15202-07,Stonewashed Organic Cotton Percale Sheet Set - Full - Ivory,20
1/28/26,2/18/26,B15208-02,Stonewashed Organic Cotton Percale Pillowcases - King Set (S/2) - Warm Grey,20
1/28/26,2/18/26,B15213-03,Stonewashed Organic Cotton Percale Shams - 1 Sham - Blush,21
1/28/26,2/18/26,B15211-03,Stonewashed Organic Cotton Percale Shams - Standard Set (S/2) - Blush,22
1/28/26,2/18/26,B15210-04,Stonewashed Organic Cotton Percale Duvet - King/Cal-King - Olive,23
1/28/26,2/18/26,B15212-02,Stonewashed Organic Cotton Percale Shams - King Set (S/2) - Warm Grey,25
1/28/26,2/18/26,B15210-02,Stonewashed Organic Cotton Percale Duvet - King/Cal-King - Warm Grey,27
1/28/26,2/18/26,B15206-03,Stonewashed Organic Cotton Percale Sheet Set - King - Blush,29
1/28/26,2/18/26,B15207-02,Stonewashed Organic Cotton Percale Pillowcases - Standard Set (S/2) - Warm Grey,31
1/28/26,2/18/26,B15211-07,Stonewashed Organic Cotton Percale Shams - Standard Set (S/2) - Ivory,32
1/28/26,2/18/26,B15210-05,Stonewashed Organic Cotton Percale Duvet - King/Cal-King - Aegean,33
1/28/26,2/18/26,B15209-03,Stonewashed Organic Cotton Percale Duvet - Full/Queen - Blush,34
1/28/26,2/18/26,B15221-04,Organic Stonewashed Percale Channel Quilt Quilt - King/Cal King - Olive,34
1/28/26,2/18/26,B15211-08,Stonewashed Organic Cotton Percale Shams - Standard Set (S/2) - French Blue,36
1/28/26,2/18/26,B15212-05,Stonewashed Organic Cotton Percale Shams - King Set (S/2) - Aegean,38
1/28/26,2/18/26,B15212-07,Stonewashed Organic Cotton Percale Shams - King Set (S/2) - Ivory,38
1/28/26,2/18/26,B15207-03,Stonewashed Organic Cotton Percale Pillowcases - Standard Set (S/2) - Blush,39
1/28/26,2/18/26,B15204-05,Stonewashed Organic Cotton Percale Sheet Set - Queen - Aegean,40
1/28/26,2/18/26,B15204-03,Stonewashed Organic Cotton Percale Sheet Set - Queen - Blush,40
1/28/26,2/18/26,B15209-05,Stonewashed Organic Cotton Percale Duvet - Full/Queen - Aegean,43
1/28/26,2/18/26,B15206-01,Stonewashed Organic Cotton Percale Sheet Set - King - White,49
1/28/26,2/18/26,B15204-01,Stonewashed Organic Cotton Percale Sheet Set - Queen - White,50
1/28/26,2/18/26,B15204-04,Stonewashed Organic Cotton Percale Sheet Set - Queen - Olive,54
1/28/26,2/18/26,B15224-04,Organic Stonewashed Percale Channel Quilt Euro Sham - 1 Sham - Olive,65
1/28/26,2/18/26,B15206-07,Stonewashed Organic Cotton Percale Sheet Set - King - Ivory,100
1/28/26,2/18/26,B15221-05,Organic Stonewashed Percale Channel Quilt Quilt - King/Cal King - Aegean,109
2/1/26,2/22/26,R133001-03,Salma Area Rug - 9x12 - Navy,1
2/1/26,2/22/26,R133001-02,Salma Area Rug - 8x10 - Navy,1
2/1/26,2/22/26,R133004-02,Alia Area Rug - 8x10,2
2/1/26,2/22/26,R133004-03,Alia Area Rug - 9x12,2
2/26/26,3/19/26,F1470010-01,Kaia Wood Mirror,23
2/26/26,3/19/26,D148004-01,Mirai Wood Mirror,29
5/3/26,5/24/26,B100005-01,Sundak Storage Baskets - Light - Medium,10
5/3/26,5/24/26,B100005-02,Sundak Storage Baskets - Light - Large,25
5/3/26,5/24/26,B100002-02,Merapi Storage Baskets - Light - Oversized,60
5/3/26,5/24/26,B100002-01,Merapi Storage Baskets - Light - Medium,70
5/3/26,5/24/26,B100001-01,Merapi Storage Baskets - Dark - Medium,90